{
	"新疆": [87.606117,43.790939],
	"西藏": [91.13205,29.657589],
	"内蒙古": [111.6633,40.820942],
	"青海": [101.787453,36.609447],
	"四川": [104.081757,30.661057],
	"黑龙江": [126.643341,45.741493],
	"甘肃": [103.750053,36.068039],
	"云南": [102.704567,25.043844],
	"广西": [108.311768,22.806543],
	"湖南": [112.98127,28.200825],
	"陕西": [108.949028,34.261684],
	"广东": [113.261429,23.118912],
	"吉林": [125.31543,43.892563],
	"河北": [114.489777,38.045128],
	"湖北": [114.291939,30.567514],
	"贵州": [106.711372,26.576874],
	"山东": [117.0056,36.667072],
	"江西": [115.899918,28.675991],
	"河南": [113.650047,34.757034],
	"辽宁": [123.411682,41.796616],
	"山西": [112.569351,37.871113],
	"安徽": [117.275703,31.863255],
	"福建": [119.297813,26.07859],
	"浙江": [120.159248,30.265995],
	"江苏": [118.772781,32.047615],
	"重庆": [106.510338,29.558176],
	"宁夏": [106.271942,38.46801],
	"海南": [110.346512,20.031794],
	"台湾": [121.514282,25.049128],
	"北京": [116.380943,39.923615],
	"天津": [117.203499,39.131119],
	"上海": [121.469269,31.238176],
	"香港": [114.154404,22.280685],
	"澳门": [113.550056,22.200796]
}